case	op	operand	verts	tris	clean	introduced	nonmanifold_edges	nonmanifold_verts	boundary_edges	misoriented_pairs	improper_pairs	unresolved_pairs	duplicate_tris	index_degenerate	collinear_degenerate	vertex_twins	unreferenced_verts
F0001	000_union	a	8	12	true	false	0/0	0/0	0/0	0/0	0/0	0/0	0/0	0/0	0/0	0/0	0/0
F0001	000_union	b	8	12	true	false	0/0	0/0	0/0	0/0	0/0	0/0	0/0	0/0	0/0	0/0	0/0
F0002	001_union	a	18	32	true	false	0/0	0/0	0/0	0/0	0/0	0/0	0/0	0/0	0/0	0/0	0/0
F0002	001_union	b	18	32	true	false	0/0	0/0	0/0	0/0	0/0	0/0	0/0	0/0	0/0	0/0	0/0
F0003	002_union	a	12	20	true	false	0/0	0/0	0/0	0/0	0/0	0/0	0/0	0/0	0/0	0/0	0/0
F0003	002_union	b	12	20	true	false	0/0	0/0	0/0	0/0	0/0	0/0	0/0	0/0	0/0	0/0	0/0
F0004	003_union	a	18	32	true	false	0/0	0/0	0/0	0/0	0/0	0/0	0/0	0/0	0/0	0/0	0/0
F0004	003_union	b	18	32	true	false	0/0	0/0	0/0	0/0	0/0	0/0	0/0	0/0	0/0	0/0	0/0
F0005	004_union	a	8	12	true	false	0/0	0/0	0/0	0/0	0/0	0/0	0/0	0/0	0/0	0/0	0/0
F0005	004_union	b	8	12	true	false	0/0	0/0	0/0	0/0	0/0	0/0	0/0	0/0	0/0	0/0	0/0
F0006	005_union	a	18	32	true	false	0/0	0/0	0/0	0/0	0/0	0/0	0/0	0/0	0/0	0/0	0/0
F0006	005_union	b	18	32	true	false	0/0	0/0	0/0	0/0	0/0	0/0	0/0	0/0	0/0	0/0	0/0
F0007	006_union	a	16	28	true	false	0/0	0/0	0/0	0/0	0/0	0/0	0/0	0/0	0/0	0/0	0/0
F0007	006_union	b	8	12	true	false	0/0	0/0	0/0	0/0	0/0	0/0	0/0	0/0	0/0	0/0	0/0
F0008	007_union	a	8	12	true	false	0/0	0/0	0/0	0/0	0/0	0/0	0/0	0/0	0/0	0/0	0/0
F0008	007_union	b	16	28	true	false	0/0	0/0	0/0	0/0	0/0	0/0	0/0	0/0	0/0	0/0	0/0
F0009	008_union	a	12	20	true	false	0/0	0/0	0/0	0/0	0/0	0/0	0/0	0/0	0/0	0/0	0/0
F0009	008_union	b	12	20	true	false	0/0	0/0	0/0	0/0	0/0	0/0	0/0	0/0	0/0	0/0	0/0
F0010	009_union	a	12	20	true	false	0/0	0/0	0/0	0/0	0/0	0/0	0/0	0/0	0/0	0/0	0/0
F0010	009_union	b	12	20	true	false	0/0	0/0	0/0	0/0	0/0	0/0	0/0	0/0	0/0	0/0	0/0
F0026	040_union	a	19	34	true	false	0/0	0/0	0/0	0/0	0/0	0/0	0/0	0/0	0/0	0/0	0/0
F0026	040_union	b	22	40	true	false	0/0	0/0	0/0	0/0	0/0	0/0	0/0	0/0	0/0	0/0	0/0
F0027	041_union	a	20	36	false	true	0/0	0/0	0/0	6/0	2/0	0/0	0/0	0/0	0/0	0/0	0/0
F0027	041_union	b	24	44	true	false	0/0	0/0	0/0	0/0	0/0	0/0	0/0	0/0	0/0	0/0	0/0
F0028	042_union	a	20	36	false	true	0/0	0/0	0/0	3/0	1/0	0/0	0/0	0/0	0/0	0/0	0/0
F0028	042_union	b	24	44	true	false	0/0	0/0	0/0	0/0	0/0	0/0	0/0	0/0	0/0	0/0	0/0
F0029	043_union	a	22	40	false	true	0/0	0/0	0/0	6/0	4/0	0/0	0/0	0/0	0/0	0/0	0/0
F0029	043_union	b	28	52	true	false	0/0	0/0	0/0	0/0	0/0	0/0	0/0	0/0	0/0	0/0	0/0
F0030	044_union	a	21	38	true	false	0/0	0/0	0/0	0/0	0/0	0/0	0/0	0/0	0/0	0/0	0/0
F0030	044_union	b	26	48	true	false	0/0	0/0	0/0	0/0	0/0	0/0	0/0	0/0	0/0	0/0	0/0
F0051	065_union	a	16	28	true	false	0/0	0/0	0/0	0/0	0/0	0/0	0/0	0/0	0/0	0/0	0/0
F0051	065_union	b	8	12	true	false	0/0	0/0	0/0	0/0	0/0	0/0	0/0	0/0	0/0	0/0	0/0
F0052	066_union	a	41	78	true	false	0/0	0/0	0/0	0/0	0/0	0/0	0/0	0/0	0/0	0/0	0/0
F0052	066_union	b	28	52	true	false	0/0	0/0	0/0	0/0	0/0	0/0	0/0	0/0	0/0	0/0	0/0
F0053	067_union	a	16	28	true	false	0/0	0/0	0/0	0/0	0/0	0/0	0/0	0/0	0/0	0/0	0/0
F0053	067_union	b	8	12	true	false	0/0	0/0	0/0	0/0	0/0	0/0	0/0	0/0	0/0	0/0	0/0
F0061	075_subtract	a	1254	2504	true	false	0/0	0/0	0/0	0/0	0/0	0/0	0/0	0/0	0/0	0/0	0/0
F0061	075_subtract	b	161	318	true	false	0/0	0/0	0/0	0/0	0/0	0/0	0/0	0/0	0/0	0/0	0/0
F0062	076_subtract	a	20	36	true	false	0/0	0/0	0/0	0/0	0/0	0/0	0/0	0/0	0/0	0/0	0/0
F0062	076_subtract	b	24	44	true	false	0/0	0/0	0/0	0/0	0/0	0/0	0/0	0/0	0/0	0/0	0/0
F0063	077_union	a	1182	2360	true	false	0/0	0/0	0/0	0/0	0/0	0/0	0/0	0/0	0/0	0/0	0/0
F0063	077_union	b	1164	2324	true	false	0/0	0/0	0/0	0/0	0/0	0/0	0/0	0/0	0/0	0/0	0/0
F0063	078_union	a	1402	2800	true	false	0/0	0/0	0/0	0/0	0/0	0/0	0/0	0/0	0/0	0/0	0/0
F0063	078_union	b	950	1896	true	false	0/0	0/0	0/0	0/0	0/0	0/0	0/0	0/0	0/0	0/0	0/0
F0063	079_union	a	738	1472	true	false	0/0	0/0	0/0	0/0	0/0	0/0	0/0	0/0	0/0	0/0	0/0
F0063	079_union	b	35	66	true	false	0/0	0/0	0/0	0/0	0/0	0/0	0/0	0/0	0/0	0/0	0/0
F0063	080_union	a	767	1530	true	false	0/0	0/0	0/0	0/0	0/0	0/0	0/0	0/0	0/0	0/0	0/0
F0063	080_union	b	30	56	true	false	0/0	0/0	0/0	0/0	0/0	0/0	0/0	0/0	0/0	0/0	0/0
F0064	081_union	a	4062	8120	true	false	0/0	0/0	0/0	0/0	0/0	0/0	0/0	0/0	0/0	0/0	0/0
F0064	081_union	b	648	1292	true	false	0/0	0/0	0/0	0/0	0/0	0/0	0/0	0/0	0/0	0/0	0/0
F0064	082_union	a	1250	2496	true	false	0/0	0/0	0/0	0/0	0/0	0/0	0/0	0/0	0/0	0/0	0/0
F0064	082_union	b	93	182	true	false	0/0	0/0	0/0	0/0	0/0	0/0	0/0	0/0	0/0	0/0	0/0
F0064	083_union	a	98	192	true	false	0/0	0/0	0/0	0/0	0/0	0/0	0/0	0/0	0/0	0/0	0/0
F0064	083_union	b	57	110	true	false	0/0	0/0	0/0	0/0	0/0	0/0	0/0	0/0	0/0	0/0	0/0
F0064	084_union	a	18	32	true	false	0/0	0/0	0/0	0/0	0/0	0/0	0/0	0/0	0/0	0/0	0/0
F0064	084_union	b	36	68	true	false	0/0	0/0	0/0	0/0	0/0	0/0	0/0	0/0	0/0	0/0	0/0
F0065	085_union	a	24	44	true	false	0/0	0/0	0/0	0/0	0/0	0/0	0/0	0/0	0/0	0/0	0/0
F0065	085_union	b	28	52	true	false	0/0	0/0	0/0	0/0	0/0	0/0	0/0	0/0	0/0	0/0	0/0
F0065	086_union	a	42	80	true	false	0/0	0/0	0/0	0/0	0/0	0/0	0/0	0/0	0/0	0/0	0/0
F0065	086_union	b	40	76	true	false	0/0	0/0	0/0	0/0	0/0	0/0	0/0	0/0	0/0	0/0	0/0
F0065	087_union	a	505	1006	true	false	0/0	0/0	0/0	0/0	0/0	0/0	0/0	0/0	0/0	0/0	0/0
F0065	087_union	b	4252	8500	true	false	0/0	0/0	0/0	0/0	0/0	0/0	0/0	0/0	0/0	0/0	0/0
F0065	088_union	a	3853	7702	true	false	0/0	0/0	0/0	0/0	0/0	0/0	0/0	0/0	0/0	0/0	0/0
F0065	088_union	b	4454	8904	true	false	0/0	0/0	0/0	0/0	0/0	0/0	0/0	0/0	0/0	0/0	0/0
F0065	089_union	a	2882	5760	true	false	0/0	0/0	0/0	0/0	0/0	0/0	0/0	0/0	0/0	0/0	0/0
F0065	089_union	b	1266	2528	true	false	0/0	0/0	0/0	0/0	0/0	0/0	0/0	0/0	0/0	0/0	0/0
F0065	090_union	a	2156	4308	true	false	0/0	0/0	0/0	0/0	0/0	0/0	0/0	0/0	0/0	0/0	0/0
F0065	090_union	b	814	1624	true	false	0/0	0/0	0/0	0/0	0/0	0/0	0/0	0/0	0/0	0/0	0/0
F0065	091_union	a	1886	3768	true	false	0/0	0/0	0/0	0/0	0/0	0/0	0/0	0/0	0/0	0/0	0/0
F0065	091_union	b	40	76	true	false	0/0	0/0	0/0	0/0	0/0	0/0	0/0	0/0	0/0	0/0	0/0
F0066	092_union	a	48	92	true	false	0/0	0/0	0/0	0/0	0/0	0/0	0/0	0/0	0/0	0/0	0/0
F0066	092_union	b	28	52	true	false	0/0	0/0	0/0	0/0	0/0	0/0	0/0	0/0	0/0	0/0	0/0
F0066	093_union	a	48	92	true	false	0/0	0/0	0/0	0/0	0/0	0/0	0/0	0/0	0/0	0/0	0/0
F0066	093_union	b	38	72	true	false	0/0	0/0	0/0	0/0	0/0	0/0	0/0	0/0	0/0	0/0	0/0
F0066	094_union	a	86	168	true	false	0/0	0/0	0/0	0/0	0/0	0/0	0/0	0/0	0/0	0/0	0/0
F0066	094_union	b	32	60	true	false	0/0	0/0	0/0	0/0	0/0	0/0	0/0	0/0	0/0	0/0	0/0
F0066	095_union	a	96	188	true	false	0/0	0/0	0/0	0/0	0/0	0/0	0/0	0/0	0/0	0/0	0/0
F0066	095_union	b	48	92	true	false	0/0	0/0	0/0	0/0	0/0	0/0	0/0	0/0	0/0	0/0	0/0
F0066	096_union	a	118	232	true	false	0/0	0/0	0/0	0/0	0/0	0/0	0/0	0/0	0/0	0/0	0/0
F0066	096_union	b	35	66	true	false	0/0	0/0	0/0	0/0	0/0	0/0	0/0	0/0	0/0	0/0	0/0
F0066	097_union	a	149	294	true	false	0/0	0/0	0/0	0/0	0/0	0/0	0/0	0/0	0/0	0/0	0/0
F0066	097_union	b	24	44	true	false	0/0	0/0	0/0	0/0	0/0	0/0	0/0	0/0	0/0	0/0	0/0
F0066	098_union	a	156	308	true	false	0/0	0/0	0/0	0/0	0/0	0/0	0/0	0/0	0/0	0/0	0/0
F0066	098_union	b	42	80	true	false	0/0	0/0	0/0	0/0	0/0	0/0	0/0	0/0	0/0	0/0	0/0
F0067	099_union	a	21	38	true	false	0/0	0/0	0/0	0/0	0/0	0/0	0/0	0/0	0/0	0/0	0/0
F0067	099_union	b	23	42	true	false	0/0	0/0	0/0	0/0	0/0	0/0	0/0	0/0	0/0	0/0	0/0
F0067	100_union	a	1537	3070	true	false	0/0	0/0	0/0	0/0	0/0	0/0	0/0	0/0	0/0	0/0	0/0
F0067	100_union	b	1254	2504	true	false	0/0	0/0	0/0	0/0	0/0	0/0	0/0	0/0	0/0	0/0	0/0
F0067	101_union	a	836	1668	true	false	0/0	0/0	0/0	0/0	0/0	0/0	0/0	0/0	0/0	0/0	0/0
F0067	101_union	b	830	1656	true	false	0/0	0/0	0/0	0/0	0/0	0/0	0/0	0/0	0/0	0/0	0/0
F0067	102_union	a	610	1216	true	false	0/0	0/0	0/0	0/0	0/0	0/0	0/0	0/0	0/0	0/0	0/0
F0067	102_union	b	91	178	true	false	0/0	0/0	0/0	0/0	0/0	0/0	0/0	0/0	0/0	0/0	0/0
F0067	103_union	a	91	178	true	false	0/0	0/0	0/0	0/0	0/0	0/0	0/0	0/0	0/0	0/0	0/0
F0067	103_union	b	76	148	true	false	0/0	0/0	0/0	0/0	0/0	0/0	0/0	0/0	0/0	0/0	0/0
F0067	104_union	a	32	60	true	false	0/0	0/0	0/0	0/0	0/0	0/0	0/0	0/0	0/0	0/0	0/0
F0067	104_union	b	20	36	true	false	0/0	0/0	0/0	0/0	0/0	0/0	0/0	0/0	0/0	0/0	0/0
F0067	105_union	a	40	76	true	false	0/0	0/0	0/0	0/0	0/0	0/0	0/0	0/0	0/0	0/0	0/0
F0067	105_union	b	31	58	true	false	0/0	0/0	0/0	0/0	0/0	0/0	0/0	0/0	0/0	0/0	0/0
F0067	106_union	a	1208	2412	true	false	0/0	0/0	0/0	0/0	0/0	0/0	0/0	0/0	0/0	0/0	0/0
F0067	106_union	b	4036	8068	true	false	0/0	0/0	0/0	0/0	0/0	0/0	0/0	0/0	0/0	0/0	0/0
F0068	107_union	a	24	44	true	false	0/0	0/0	0/0	0/0	0/0	0/0	0/0	0/0	0/0	0/0	0/0
F0068	107_union	b	36	68	true	false	0/0	0/0	0/0	0/0	0/0	0/0	0/0	0/0	0/0	0/0	0/0
F0068	108_union	a	53	102	true	false	0/0	0/0	0/0	0/0	0/0	0/0	0/0	0/0	0/0	0/0	0/0
F0068	108_union	b	13	22	true	false	0/0	0/0	0/0	0/0	0/0	0/0	0/0	0/0	0/0	0/0	0/0
F0068	109_union	a	88	172	true	false	0/0	0/0	0/0	0/0	0/0	0/0	0/0	0/0	0/0	0/0	0/0
F0068	109_union	b	27	50	true	false	0/0	0/0	0/0	0/0	0/0	0/0	0/0	0/0	0/0	0/0	0/0
F0068	110_union	a	79	154	true	false	0/0	0/0	0/0	0/0	0/0	0/0	0/0	0/0	0/0	0/0	0/0
F0068	110_union	b	37	70	true	false	0/0	0/0	0/0	0/0	0/0	0/0	0/0	0/0	0/0	0/0	0/0
F0068	111_union	a	306	608	true	false	0/0	0/0	0/0	0/0	0/0	0/0	0/0	0/0	0/0	0/0	0/0
F0068	111_union	b	1298	2592	true	false	0/0	0/0	0/0	0/0	0/0	0/0	0/0	0/0	0/0	0/0	0/0
F0068	112_union	a	1254	2504	true	false	0/0	0/0	0/0	0/0	0/0	0/0	0/0	0/0	0/0	0/0	0/0
F0068	112_union	b	1171	2338	true	false	0/0	0/0	0/0	0/0	0/0	0/0	0/0	0/0	0/0	0/0	0/0
F0068	113_union	a	2005	4006	true	false	0/0	0/0	0/0	0/0	0/0	0/0	0/0	0/0	0/0	0/0	0/0
F0068	113_union	b	1224	2444	true	false	0/0	0/0	0/0	0/0	0/0	0/0	0/0	0/0	0/0	0/0	0/0
F0068	114_union	a	2985	5966	true	false	0/0	0/0	0/0	0/0	0/0	0/0	0/0	0/0	0/0	0/0	0/0
F0068	114_union	b	1621	3238	true	false	0/0	0/0	0/0	0/0	0/0	0/0	0/0	0/0	0/0	0/0	0/0
F0068	115_union	a	1567	3130	true	false	0/0	0/0	0/0	0/0	0/0	0/0	0/0	0/0	0/0	0/0	0/0
F0068	115_union	b	26	48	true	false	0/0	0/0	0/0	0/0	0/0	0/0	0/0	0/0	0/0	0/0	0/0
F0068	116_union	a	1584	3169	false	false	9/9	1/1	6/6	0/0	1/1	0/0	0/0	0/0	0/0	0/0	0/0
F0068	116_union	b	30	56	true	false	0/0	0/0	0/0	0/0	0/0	0/0	0/0	0/0	0/0	0/0	0/0
F0068	117_union	a	34	64	true	false	0/0	0/0	0/0	0/0	0/0	0/0	0/0	0/0	0/0	0/0	0/0
F0068	117_union	b	38	72	true	false	0/0	0/0	0/0	0/0	0/0	0/0	0/0	0/0	0/0	0/0	0/0
F0069	118_union	a	2104	4204	true	false	0/0	0/0	0/0	0/0	0/0	0/0	0/0	0/0	0/0	0/0	0/0
F0069	118_union	b	2117	4230	true	false	0/0	0/0	0/0	0/0	0/0	0/0	0/0	0/0	0/0	0/0	0/0
F0069	119_union	a	1211	2418	true	false	0/0	0/0	0/0	0/0	0/0	0/0	0/0	0/0	0/0	0/0	0/0
F0069	119_union	b	20	36	true	false	0/0	0/0	0/0	0/0	0/0	0/0	0/0	0/0	0/0	0/0	0/0
F0069	120_union	a	1214	2424	true	false	0/0	0/0	0/0	0/0	0/0	0/0	0/0	0/0	0/0	0/0	0/0
F0069	120_union	b	38	72	true	false	0/0	0/0	0/0	0/0	0/0	0/0	0/0	0/0	0/0	0/0	0/0
F0069	121_union	a	1247	2490	true	false	0/0	0/0	0/0	0/0	0/0	0/0	0/0	0/0	0/0	0/0	0/0
F0069	121_union	b	32	60	true	false	0/0	0/0	0/0	0/0	0/0	0/0	0/0	0/0	0/0	0/0	0/0
F0069	122_union	a	1254	2504	true	false	0/0	0/0	0/0	0/0	0/0	0/0	0/0	0/0	0/0	0/0	0/0
F0069	122_union	b	35	66	true	false	0/0	0/0	0/0	0/0	0/0	0/0	0/0	0/0	0/0	0/0	0/0
F0069	123_union	a	1285	2568	false	false	4/4	0/0	2/2	0/0	0/0	0/0	0/0	0/0	0/0	0/0	0/0
F0069	123_union	b	20	36	true	false	0/0	0/0	0/0	0/0	0/0	0/0	0/0	0/0	0/0	0/0	0/0
F0069	124_union	a	1290	2579	false	false	6/6	0/0	3/3	0/0	0/0	0/0	0/0	0/0	0/0	0/0	0/0
F0069	124_union	b	32	60	true	false	0/0	0/0	0/0	0/0	0/0	0/0	0/0	0/0	0/0	0/0	0/0
F0069	125_union	a	2669	5338	false	false	7/7	0/0	3/3	0/0	1/1	0/0	0/0	0/0	0/0	0/0	0/0
F0069	125_union	b	1933	3862	true	false	0/0	0/0	0/0	0/0	0/0	0/0	0/0	0/0	0/0	0/0	0/0
F0069	126_union	a	49	94	true	false	0/0	0/0	0/0	0/0	0/0	0/0	0/0	0/0	0/0	0/0	0/0
F0069	126_union	b	74	144	true	false	0/0	0/0	0/0	0/0	0/0	0/0	0/0	0/0	0/0	0/0	0/0
F0069	127_union	a	67	130	true	false	0/0	0/0	0/0	0/0	0/0	0/0	0/0	0/0	0/0	0/0	0/0
F0069	127_union	b	18	32	true	false	0/0	0/0	0/0	0/0	0/0	0/0	0/0	0/0	0/0	0/0	0/0
F0069	128_union	a	67	130	true	false	0/0	0/0	0/0	0/0	0/0	0/0	0/0	0/0	0/0	0/0	0/0
F0069	128_union	b	27	50	true	false	0/0	0/0	0/0	0/0	0/0	0/0	0/0	0/0	0/0	0/0	0/0
F0069	129_union	a	98	192	true	false	0/0	0/0	0/0	0/0	0/0	0/0	0/0	0/0	0/0	0/0	0/0
F0069	129_union	b	18	32	true	false	0/0	0/0	0/0	0/0	0/0	0/0	0/0	0/0	0/0	0/0	0/0
F0069	130_union	a	105	206	true	false	0/0	0/0	0/0	0/0	0/0	0/0	0/0	0/0	0/0	0/0	0/0
F0069	130_union	b	38	72	true	false	0/0	0/0	0/0	0/0	0/0	0/0	0/0	0/0	0/0	0/0	0/0
F0070	131_union	a	1254	2504	true	false	0/0	0/0	0/0	0/0	0/0	0/0	0/0	0/0	0/0	0/0	0/0
F0070	131_union	b	1522	3040	true	false	0/0	0/0	0/0	0/0	0/0	0/0	0/0	0/0	0/0	0/0	0/0
F0070	132_union	a	524	1044	true	false	0/0	0/0	0/0	0/0	0/0	0/0	0/0	0/0	0/0	0/0	0/0
F0070	132_union	b	24	44	true	false	0/0	0/0	0/0	0/0	0/0	0/0	0/0	0/0	0/0	0/0	0/0
F0070	133_union	a	530	1056	true	false	0/0	0/0	0/0	0/0	0/0	0/0	0/0	0/0	0/0	0/0	0/0
F0070	133_union	b	26	48	true	false	0/0	0/0	0/0	0/0	0/0	0/0	0/0	0/0	0/0	0/0	0/0
F0070	134_union	a	598	1192	true	false	0/0	0/0	0/0	0/0	0/0	0/0	0/0	0/0	0/0	0/0	0/0
F0070	134_union	b	49	94	true	false	0/0	0/0	0/0	0/0	0/0	0/0	0/0	0/0	0/0	0/0	0/0
F0070	135_union	a	573	1142	true	false	0/0	0/0	0/0	0/0	0/0	0/0	0/0	0/0	0/0	0/0	0/0
F0070	135_union	b	41	78	true	false	0/0	0/0	0/0	0/0	0/0	0/0	0/0	0/0	0/0	0/0	0/0
F0070	136_union	a	652	1300	true	false	0/0	0/0	0/0	0/0	0/0	0/0	0/0	0/0	0/0	0/0	0/0
F0070	136_union	b	24	44	true	false	0/0	0/0	0/0	0/0	0/0	0/0	0/0	0/0	0/0	0/0	0/0
F0070	137_union	a	628	1252	true	false	0/0	0/0	0/0	0/0	0/0	0/0	0/0	0/0	0/0	0/0	0/0
F0070	137_union	b	42	80	true	false	0/0	0/0	0/0	0/0	0/0	0/0	0/0	0/0	0/0	0/0	0/0
F0070	138_union	a	654	1304	true	false	0/0	0/0	0/0	0/0	0/0	0/0	0/0	0/0	0/0	0/0	0/0
F0070	138_union	b	20	36	true	false	0/0	0/0	0/0	0/0	0/0	0/0	0/0	0/0	0/0	0/0	0/0
F0070	139_union	a	832	1660	true	false	0/0	0/0	0/0	0/0	0/0	0/0	0/0	0/0	0/0	0/0	0/0
F0070	139_union	b	2640	5276	true	false	0/0	0/0	0/0	0/0	0/0	0/0	0/0	0/0	0/0	0/0	0/0
F0070	140_union	a	3388	6772	true	false	0/0	0/0	0/0	0/0	0/0	0/0	0/0	0/0	0/0	0/0	0/0
F0070	140_union	b	590	1176	true	false	0/0	0/0	0/0	0/0	0/0	0/0	0/0	0/0	0/0	0/0	0/0
F0070	141_union	a	2078	4166	false	false	23/23	1/1	11/11	0/0	5/5	0/0	0/0	0/0	0/0	0/0	0/0
F0070	141_union	b	30	56	true	false	0/0	0/0	0/0	0/0	0/0	0/0	0/0	0/0	0/0	0/0	0/0
F0070	142_union	a	2022	4040	true	false	0/0	0/0	0/0	0/0	0/0	0/0	0/0	0/0	0/0	0/0	0/0
F0070	142_union	b	2004	4004	true	false	0/0	0/0	0/0	0/0	0/0	0/0	0/0	0/0	0/0	0/0	0/0
F0070	143_union	a	2067	4130	true	false	0/0	0/0	0/0	0/0	0/0	0/0	0/0	0/0	0/0	0/0	0/0
F0070	143_union	b	1571	3138	true	false	0/0	0/0	0/0	0/0	0/0	0/0	0/0	0/0	0/0	0/0	0/0
F0070	144_union	a	1187	2370	true	false	0/5	0/0	0/2	0/0	0/1	0/0	0/0	0/0	0/0	0/0	0/0
F0070	144_union	b	22	40	true	false	0/0	0/0	0/0	0/0	0/0	0/0	0/0	0/0	0/0	0/0	0/0
F0071	145_union	a	20	36	true	false	0/0	0/0	0/0	0/0	0/0	0/0	0/0	0/0	0/0	0/0	0/0
F0071	145_union	b	33	62	true	false	0/0	0/0	0/0	0/0	0/0	0/0	0/0	0/0	0/0	0/0	0/0
F0071	146_union	a	49	94	true	false	0/0	0/0	0/0	0/0	0/0	0/0	0/0	0/0	0/0	0/0	0/0
F0071	146_union	b	24	44	true	false	0/0	0/0	0/0	0/0	0/0	0/0	0/0	0/0	0/0	0/0	0/0
F0071	147_union	a	56	108	true	false	0/0	0/0	0/0	0/0	0/0	0/0	0/0	0/0	0/0	0/0	0/0
F0071	147_union	b	42	80	true	false	0/0	0/0	0/0	0/0	0/0	0/0	0/0	0/0	0/0	0/0	0/0
F0071	148_union	a	78	152	true	false	0/0	0/0	0/0	0/0	0/0	0/0	0/0	0/0	0/0	0/0	0/0
F0071	148_union	b	8	12	true	false	0/0	0/0	0/0	0/0	0/0	0/0	0/0	0/0	0/0	0/0	0/0
F0071	149_union	a	76	148	true	false	0/0	0/0	0/0	0/0	0/0	0/0	0/0	0/0	0/0	0/0	0/0
F0071	149_union	b	24	44	true	false	0/0	0/0	0/0	0/0	0/0	0/0	0/0	0/0	0/0	0/0	0/0
F0071	150_union	a	102	200	true	false	0/0	0/0	0/0	0/0	0/0	0/0	0/0	0/0	0/0	0/0	0/0
F0071	150_union	b	28	52	true	false	0/0	0/0	0/0	0/0	0/0	0/0	0/0	0/0	0/0	0/0	0/0
F0071	151_union	a	905	1806	true	false	0/0	0/0	0/0	0/0	0/0	0/0	0/0	0/0	0/0	0/0	0/0
F0071	151_union	b	796	1588	true	false	0/0	0/0	0/0	0/0	0/0	0/0	0/0	0/0	0/0	0/0	0/0
F0071	152_union	a	910	1816	true	false	0/0	0/0	0/0	0/0	0/0	0/0	0/0	0/0	0/0	0/0	0/0
F0071	152_union	b	826	1648	true	false	0/0	0/0	0/0	0/0	0/0	0/0	0/0	0/0	0/0	0/0	0/0
F0071	153_union	a	648	1292	true	false	0/0	0/0	0/0	0/0	0/0	0/0	0/0	0/0	0/0	0/0	0/0
F0071	153_union	b	34	64	true	false	0/0	0/0	0/0	0/0	0/0	0/0	0/0	0/0	0/0	0/0	0/0
F0071	154_union	a	675	1346	true	false	0/0	0/0	0/0	0/0	0/0	0/0	0/0	0/0	0/0	0/0	0/0
F0071	154_union	b	12	20	true	false	0/0	0/0	0/0	0/0	0/0	0/0	0/0	0/0	0/0	0/0	0/0
F0071	155_union	a	668	1332	true	false	0/0	0/0	0/0	0/0	0/0	0/0	0/0	0/0	0/0	0/0	0/0
F0071	155_union	b	16	28	true	false	0/0	0/0	0/0	0/0	0/0	0/0	0/0	0/0	0/0	0/0	0/0
F0071	156_union	a	676	1348	true	false	0/0	0/0	0/0	0/0	0/0	0/0	0/0	0/0	0/0	0/0	0/0
F0071	156_union	b	24	44	true	false	0/0	0/0	0/0	0/0	0/0	0/0	0/0	0/0	0/0	0/0	0/0
F0071	157_union	a	706	1408	true	false	0/0	0/0	0/0	0/0	0/0	0/0	0/0	0/0	0/0	0/0	0/0
F0071	157_union	b	32	60	true	false	0/0	0/0	0/0	0/0	0/0	0/0	0/0	0/0	0/0	0/0	0/0
F0071	158_union	a	771	1538	true	false	0/0	0/0	0/0	0/0	0/0	0/0	0/0	0/0	0/0	0/0	0/0
F0071	158_union	b	57	110	true	false	0/0	0/0	0/0	0/0	0/0	0/0	0/0	0/0	0/0	0/0	0/0
F0071	159_union	a	762	1520	true	false	0/0	0/0	0/0	0/0	0/0	0/0	0/0	0/0	0/0	0/0	0/0
F0071	159_union	b	63	122	true	false	0/0	0/0	0/0	0/0	0/0	0/0	0/0	0/0	0/0	0/0	0/0
F0071	160_union	a	767	1530	true	false	0/0	0/0	0/0	0/0	0/0	0/0	0/0	0/0	0/0	0/0	0/0
F0071	160_union	b	16	28	true	false	0/0	0/0	0/0	0/0	0/0	0/0	0/0	0/0	0/0	0/0	0/0
F0071	161_union	a	772	1540	true	false	0/0	0/0	0/0	0/0	0/0	0/0	0/0	0/0	0/0	0/0	0/0
F0071	161_union	b	33	62	true	false	0/0	0/0	0/0	0/0	0/0	0/0	0/0	0/0	0/0	0/0	0/0
F0071	162_union	a	1933	3862	true	false	0/0	0/0	0/0	0/0	0/0	0/0	0/0	0/0	0/0	0/0	0/0
F0071	162_union	b	1152	2300	true	false	0/0	0/0	0/0	0/0	0/0	0/0	0/0	0/0	0/0	0/0	0/0
F0071	163_union	a	1936	3868	true	false	0/0	0/0	0/0	0/0	0/0	0/0	0/0	0/0	0/0	0/0	0/0
F0071	163_union	b	1174	2344	true	false	0/0	0/0	0/0	0/0	0/0	0/0	0/0	0/0	0/0	0/0	0/0
F0072	164_union	a	2160	4316	true	false	0/0	0/0	0/0	0/0	0/0	0/0	0/0	0/0	0/0	0/0	0/0
F0072	164_union	b	4688	9372	true	false	0/0	0/0	0/0	0/0	0/0	0/0	0/0	0/0	0/0	0/0	0/0
F0072	165_union	a	4078	8152	true	false	0/0	0/0	0/0	0/0	0/0	0/0	0/0	0/0	0/0	0/0	0/0
F0072	165_union	b	950	1896	true	false	0/0	0/0	0/0	0/0	0/0	0/0	0/0	0/0	0/0	0/0	0/0
F0072	166_union	a	2404	4806	false	false	4/4	0/0	2/2	0/0	0/0	0/0	0/0	0/0	0/0	0/0	0/0
F0072	166_union	b	34	64	true	false	0/0	0/0	0/0	0/0	0/0	0/0	0/0	0/0	0/0	0/0	0/0
F0072	167_union	a	2428	4853	false	false	2/2	0/0	1/1	0/0	0/0	0/0	0/0	0/0	0/0	0/0	0/0
F0072	167_union	b	36	68	true	false	0/0	0/0	0/0	0/0	0/0	0/0	0/0	0/0	0/0	0/0	0/0
F0072	168_union	a	2462	4927	false	false	12/12	0/0	5/5	0/0	2/2	0/0	0/0	0/0	0/0	0/0	0/0
F0072	168_union	b	28	52	true	false	0/0	0/0	0/0	0/0	0/0	0/0	0/0	0/0	0/0	0/0	0/0
F0072	169_union	a	2464	4927	false	false	5/5	0/0	2/2	0/0	2/2	0/0	0/0	0/0	0/0	0/0	0/0
F0072	169_union	b	42	80	true	false	0/0	0/0	0/0	0/0	0/0	0/0	0/0	0/0	0/0	0/0	0/0
F0072	170_union	a	5494	10989	false	false	8/8	1/1	5/5	0/0	3/3	0/0	0/0	0/0	0/0	0/0	0/0
F0072	170_union	b	2742	5480	true	false	0/0	0/0	0/0	0/0	0/0	0/0	0/0	0/0	0/0	0/0	0/0
F0072	171_union	a	5504	11007	false	false	6/6	0/0	3/3	0/0	0/0	0/0	0/0	0/0	0/0	0/0	0/0
F0072	171_union	b	705	1406	true	false	0/0	0/0	0/0	0/0	0/0	0/0	0/0	0/0	0/0	0/0	0/0
F0072	172_union	a	28	52	true	false	0/0	0/0	0/0	0/0	0/0	0/0	0/0	0/0	0/0	0/0	0/0
F0072	172_union	b	41	78	true	false	0/0	0/0	0/0	0/0	0/0	0/0	0/0	0/0	0/0	0/0	0/0
F0072	173_union	a	1058	2112	true	false	0/0	0/0	0/0	0/0	0/0	0/0	0/0	0/0	0/0	0/0	0/0
F0072	173_union	b	876	1748	true	false	0/0	0/0	0/0	0/0	0/0	0/0	0/0	0/0	0/0	0/0	0/0
F0072	174_union	a	641	1278	true	false	0/0	0/0	0/0	0/0	0/0	0/0	0/0	0/0	0/0	0/0	0/0
F0072	174_union	b	49	94	true	false	0/0	0/0	0/0	0/0	0/0	0/0	0/0	0/0	0/0	0/0	0/0
F0072	175_union	a	868	1732	true	false	0/0	0/0	0/0	0/0	0/0	0/0	0/0	0/0	0/0	0/0	0/0
F0072	175_union	b	2166	4328	true	false	0/0	0/0	0/0	0/0	0/0	0/0	0/0	0/0	0/0	0/0	0/0
F0072	176_union	a	2922	5840	true	false	0/0	0/0	0/0	0/0	0/0	0/0	0/0	0/0	0/0	0/0	0/0
F0072	176_union	b	320	636	true	false	0/0	0/0	0/0	0/0	0/0	0/0	0/0	0/0	0/0	0/0	0/0
F0072	177_union	a	1978	3952	true	false	0/0	0/0	0/0	0/0	0/0	0/0	0/0	0/0	0/0	0/0	0/0
F0072	177_union	b	2704	5404	true	false	0/0	0/0	0/0	0/0	0/0	0/0	0/0	0/0	0/0	0/0	0/0
F0072	178_union	a	4560	9116	true	false	0/0	0/0	0/0	0/0	0/0	0/0	0/0	0/0	0/0	0/0	0/0
F0072	178_union	b	338	672	true	false	0/0	0/0	0/0	0/0	0/0	0/0	0/0	0/0	0/0	0/0	0/0
F0072	179_union	a	3132	6260	true	false	0/0	0/0	0/0	0/0	0/0	0/0	0/0	0/0	0/0	0/0	0/0
F0072	179_union	b	32	60	true	false	0/0	0/0	0/0	0/0	0/0	0/0	0/0	0/0	0/0	0/0	0/0
F0072	180_union	a	3143	6282	true	false	0/0	0/0	0/0	0/0	0/0	0/0	0/0	0/0	0/0	0/0	0/0
F0072	180_union	b	31	58	true	false	0/0	0/0	0/0	0/0	0/0	0/0	0/0	0/0	0/0	0/0	0/0
F0072	181_union	a	3162	6320	true	false	0/0	0/0	0/0	0/0	0/0	0/0	0/0	0/0	0/0	0/0	0/0
F0072	181_union	b	21	38	true	false	0/0	0/0	0/0	0/0	0/0	0/0	0/0	0/0	0/0	0/0	0/0
F0086	280_subtract	a	36	68	true	false	0/0	0/0	0/0	0/0	0/0	0/0	0/0	0/0	0/0	0/0	0/0
F0086	280_subtract	b	14	24	true	false	0/0	0/0	0/0	0/0	0/0	0/0	0/0	0/0	0/0	0/0	0/0
F0087	281_subtract	a	37	70	true	false	0/0	0/0	0/0	0/0	0/0	0/0	0/0	0/0	0/0	0/0	0/0
F0087	281_subtract	b	16	28	true	false	0/0	0/0	0/0	0/0	0/0	0/0	0/0	0/0	0/0	0/0	0/0
F0088	282_subtract	a	37	70	true	false	0/0	0/0	0/0	0/0	0/0	0/0	0/0	0/0	0/0	0/0	0/0
F0088	282_subtract	b	16	28	true	false	0/0	0/0	0/0	0/0	0/0	0/0	0/0	0/0	0/0	0/0	0/0
F0089	283_subtract	a	36	68	true	false	0/0	0/0	0/0	0/0	0/0	0/0	0/0	0/0	0/0	0/0	0/0
F0089	283_subtract	b	14	24	true	false	0/0	0/0	0/0	0/0	0/0	0/0	0/0	0/0	0/0	0/0	0/0
F0090	284_subtract	a	34	64	true	false	0/0	0/0	0/0	0/0	0/0	0/0	0/0	0/0	0/0	0/0	0/0
F0090	284_subtract	b	10	16	true	false	0/0	0/0	0/0	0/0	0/0	0/0	0/0	0/0	0/0	0/0	0/0
F0091	285_union	a	16	28	true	false	0/0	0/0	0/0	0/0	0/0	0/0	0/0	0/0	0/0	0/0	0/0
F0091	285_union	b	8	12	true	false	0/0	0/0	0/0	0/0	0/0	0/0	0/0	0/0	0/0	0/0	0/0
F0094	288_union	a	28	52	true	false	0/0	0/0	0/0	0/0	0/0	0/0	0/0	0/0	0/0	0/0	0/0
F0094	288_union	b	28	52	true	false	0/0	0/0	0/0	0/0	0/0	0/0	0/0	0/0	0/0	0/0	0/0
R0007	291_subtract	a	24	44	true	false	0/0	0/0	0/0	0/0	0/0	0/0	0/0	0/0	0/0	0/0	0/0
R0007	291_subtract	b	20	36	false	true	0/0	0/0	0/0	3/0	1/0	0/0	0/0	0/0	0/0	0/0	0/0
R0012	295_subtract	a	2464	4924	true	false	0/0	0/0	0/0	0/0	0/0	0/0	0/0	0/0	0/0	0/0	0/0
R0012	295_subtract	b	6374	12744	true	false	0/0	0/0	0/0	0/0	0/0	0/0	0/0	0/0	0/0	0/0	0/0
R0013	296_union	a	369	734	true	false	0/0	0/0	0/0	0/0	0/0	0/0	0/0	0/0	0/0	0/0	0/0
R0013	296_union	b	1818	3632	true	false	0/0	0/0	0/0	0/0	0/0	0/0	0/0	0/0	0/0	0/0	0/0
R0014	297_subtract	a	2478	4952	true	false	0/0	0/0	0/0	0/0	0/0	0/0	0/0	0/0	0/0	0/0	0/0
R0014	297_subtract	b	302	600	true	false	0/0	0/0	0/0	0/0	0/0	0/0	0/0	0/0	0/0	0/0	0/0
R0015	299_union	a	32	60	true	false	0/0	0/0	0/0	0/0	0/0	0/0	0/0	0/0	0/0	0/0	0/0
R0015	299_union	b	49	94	true	false	0/0	0/0	0/0	0/0	0/0	0/0	0/0	0/0	0/0	0/0	0/0
R0015	300_union	a	24	44	true	false	0/0	0/0	0/0	0/0	0/0	0/0	0/0	0/0	0/0	0/0	0/0
R0015	300_union	b	195	386	true	false	0/0	0/0	0/0	0/0	0/0	0/0	0/0	0/0	0/0	0/0	0/0
R0021	304_union	a	58	112	true	false	0/0	0/0	0/0	0/0	0/0	0/0	0/0	0/0	0/0	0/0	0/0
R0021	304_union	b	63	122	true	false	0/0	0/0	0/0	0/0	0/0	0/0	0/0	0/0	0/0	0/0	0/0
R0022	305_subtract	a	3050	6096	true	false	0/0	0/0	0/0	0/0	0/0	0/0	0/0	0/0	0/0	0/0	0/0
R0022	305_subtract	b	409	814	true	false	0/0	0/0	0/0	0/0	0/0	0/0	0/0	0/0	0/0	0/0	0/0
R0023	306_subtract	a	24	44	true	false	0/0	0/0	0/0	0/0	0/0	0/0	0/0	0/0	0/0	0/0	0/0
R0023	306_subtract	b	20	36	false	true	0/0	0/0	0/0	6/0	1/0	0/0	0/0	0/0	0/0	0/0	0/0
R0023	307_union	a	24	44	true	false	0/0	0/0	0/0	0/0	0/0	0/0	0/0	0/0	0/0	0/0	0/0
R0023	307_union	b	20	36	false	true	0/0	0/0	0/0	3/0	0/0	0/0	0/0	0/0	0/0	0/0	0/0
R0024	308_union	a	2490	4976	true	false	0/0	0/0	0/0	0/0	0/0	0/0	0/0	0/0	0/0	0/0	0/0
R0024	308_union	b	345	686	true	false	0/0	0/0	0/0	0/0	0/0	0/0	0/0	0/0	0/0	0/0	0/0
R0025	309_union	a	1682	3360	true	false	0/0	0/0	0/0	0/0	0/0	0/0	0/0	0/0	0/0	0/0	0/0
R0025	309_union	b	377	750	true	false	0/0	0/0	0/0	0/0	0/0	0/0	0/0	0/0	0/0	0/0	0/0
R0026	310_union	a	38	72	true	false	0/0	0/0	0/0	0/0	0/0	0/0	0/0	0/0	0/0	0/0	0/0
R0026	310_union	b	212	420	true	false	0/0	0/0	0/0	0/0	0/0	0/0	0/0	0/0	0/0	0/0	0/0
R0027	311_subtract	a	252	500	true	false	0/0	0/0	0/0	0/0	0/0	0/0	0/0	0/0	0/0	0/0	0/0
R0027	311_subtract	b	4048	8092	true	false	0/0	0/0	0/0	0/0	0/0	0/0	0/0	0/0	0/0	0/0	0/0
R0027	312_subtract	a	8	12	true	false	0/0	0/0	0/0	0/0	0/0	0/0	0/0	0/0	0/0	0/0	0/0
R0027	312_subtract	b	201	398	true	false	0/0	0/0	0/0	0/0	0/0	0/0	0/0	0/0	0/0	0/0	0/0
R0029	314_union	a	28	52	true	false	0/0	0/0	0/0	0/0	0/0	0/0	0/0	0/0	0/0	0/0	0/0
R0029	314_union	b	14	24	true	false	0/0	0/0	0/0	0/0	0/0	0/0	0/0	0/0	0/0	0/0	0/0
R0031	317_subtract	a	1648	3292	true	false	0/0	0/0	0/0	0/0	0/0	0/0	0/0	0/0	0/0	0/0	0/0
R0031	317_subtract	b	2210	4416	true	false	0/0	0/0	0/0	0/0	0/0	0/0	0/0	0/0	0/0	0/0	0/0
R0034	319_subtract	a	8	12	true	false	0/0	0/0	0/0	0/0	0/0	0/0	0/0	0/0	0/0	0/0	0/0
R0034	319_subtract	b	25	46	true	false	0/0	0/0	0/0	0/0	0/0	0/0	0/0	0/0	0/0	0/0	0/0
R0038	324_subtract	a	16	28	true	false	0/0	0/0	0/0	0/0	0/0	0/0	0/0	0/0	0/0	0/0	0/0
R0038	324_subtract	b	20	36	true	false	0/0	0/0	0/0	0/0	0/0	0/0	0/0	0/0	0/0	0/0	0/0
R0038	325_subtract	a	27	50	false	true	0/0	0/0	0/0	7/0	2/0	0/0	0/0	0/0	0/0	0/0	0/0
R0038	325_subtract	b	72	140	true	false	0/0	0/0	0/0	0/0	0/0	0/0	0/0	0/0	0/0	0/0	0/0
R0046	335_subtract	a	29	54	true	false	0/0	0/0	0/0	0/0	0/0	0/0	0/0	0/0	0/0	0/0	0/0
R0046	335_subtract	b	26	48	true	false	0/0	0/0	0/0	0/0	0/0	0/0	0/0	0/0	0/0	0/0	0/0
R0046	336_subtract	a	36	68	true	false	0/0	0/0	0/0	0/0	0/0	0/0	0/0	0/0	0/0	0/0	0/0
R0046	336_subtract	b	128	252	true	false	0/0	0/0	0/0	0/0	0/0	0/0	0/0	0/0	0/0	0/0	0/0
R0051	339_subtract	a	37	70	true	false	0/0	0/0	0/0	0/0	0/0	0/0	0/0	0/0	0/0	0/0	0/0
R0051	339_subtract	b	158	312	true	false	0/0	0/0	0/0	0/0	0/0	0/0	0/0	0/0	0/0	0/0	0/0
R0053	340_union	a	48	92	true	false	0/0	0/0	0/0	0/0	0/0	0/0	0/0	0/0	0/0	0/0	0/0
R0053	340_union	b	16	28	true	false	0/0	0/0	0/0	0/0	0/0	0/0	0/0	0/0	0/0	0/0	0/0
R0055	341_subtract	a	51	98	true	false	0/0	0/0	0/0	0/0	0/0	0/0	0/0	0/0	0/0	0/0	0/0
R0055	341_subtract	b	76	148	true	false	0/0	0/0	0/0	0/0	0/0	0/0	0/0	0/0	0/0	0/0	0/0
R0057	343_union	a	8	12	true	false	0/0	0/0	0/0	0/0	0/0	0/0	0/0	0/0	0/0	0/0	0/0
R0057	343_union	b	61	118	true	false	0/0	0/0	0/0	0/0	0/0	0/0	0/0	0/0	0/0	0/0	0/0
R0058	344_subtract	a	3208	6412	true	false	0/0	0/0	0/0	0/0	0/0	0/0	0/0	0/0	0/0	0/0	0/0
R0058	344_subtract	b	6870	13736	true	false	0/0	0/0	0/0	0/0	0/0	0/0	0/0	0/0	0/0	0/0	0/0
R0058	345_union	a	4737	9470	true	false	0/0	0/0	0/0	0/0	0/0	0/0	0/0	0/0	0/0	0/0	0/0
R0058	345_union	b	5797	11590	true	false	0/0	0/0	0/0	0/0	0/0	0/0	0/0	0/0	0/0	0/0	0/0
R0059	346_union	a	36	68	true	false	0/0	0/0	0/0	0/0	0/0	0/0	0/0	0/0	0/0	0/0	0/0
R0059	346_union	b	86	168	true	false	0/0	0/0	0/0	0/0	0/0	0/0	0/0	0/0	0/0	0/0	0/0
R0063	351_subtract	a	71	138	true	false	0/0	0/0	0/0	0/0	0/0	0/0	0/0	0/0	0/0	0/0	0/0
R0063	351_subtract	b	62	120	true	false	0/0	0/0	0/0	0/0	0/0	0/0	0/0	0/0	0/0	0/0	0/0
R0067	356_union	a	27	50	true	false	0/0	0/0	0/0	0/0	0/0	0/0	0/0	0/0	0/0	0/0	0/0
R0067	356_union	b	8	12	true	false	0/0	0/0	0/0	0/0	0/0	0/0	0/0	0/0	0/0	0/0	0/0
R0070	357_subtract	a	748	1492	true	false	0/0	0/0	0/0	0/0	0/0	0/0	0/0	0/0	0/0	0/0	0/0
R0070	357_subtract	b	720	1436	true	false	0/0	0/0	0/0	0/0	0/0	0/0	0/0	0/0	0/0	0/0	0/0
R0070	358_subtract	a	54	104	true	false	0/0	0/0	0/0	0/0	0/0	0/0	0/0	0/0	0/0	0/0	0/0
R0070	358_subtract	b	51	96	false	true	0/0	0/0	6/0	0/0	0/0	0/0	0/0	0/0	0/0	0/0	0/0
R0072	359_union	a	105	206	true	false	0/0	0/0	0/0	0/0	0/0	0/0	0/0	0/0	0/0	0/0	0/0
R0072	359_union	b	64	124	true	false	0/0	0/0	0/0	0/0	0/0	0/0	0/0	0/0	0/0	0/0	0/0
R0076	364_subtract	a	910	1816	true	false	0/0	0/0	0/0	0/0	0/0	0/0	0/0	0/0	0/0	0/0	0/0
R0076	364_subtract	b	3206	6408	true	false	0/0	0/0	0/0	0/0	0/0	0/0	0/0	0/0	0/0	0/0	0/0
R0079	366_union	a	26	48	true	false	0/0	0/0	0/0	0/0	0/0	0/0	0/0	0/0	0/0	0/0	0/0
R0079	366_union	b	36	68	true	false	0/0	0/0	0/0	0/0	0/0	0/0	0/0	0/0	0/0	0/0	0/0
R0079	367_subtract	a	36	68	true	false	0/0	0/0	0/0	0/0	0/0	0/0	0/0	0/0	0/0	0/0	0/0
R0079	367_subtract	b	26	48	true	false	0/0	0/0	0/0	0/0	0/0	0/0	0/0	0/0	0/0	0/0	0/0
R0081	368_subtract	a	4046	8088	true	false	0/0	0/0	0/0	0/0	0/0	0/0	0/0	0/0	0/0	0/0	0/0
R0081	368_subtract	b	740	1476	true	false	0/0	0/0	0/0	0/0	0/0	0/0	0/0	0/0	0/0	0/0	0/0
R0086	372_union	a	8	12	true	false	0/0	0/0	0/0	0/0	0/0	0/0	0/0	0/0	0/0	0/0	0/0
R0086	372_union	b	27	50	true	false	0/0	0/0	0/0	0/0	0/0	0/0	0/0	0/0	0/0	0/0	0/0
R0088	374_subtract	a	717	1426	false	true	0/0	0/0	12/0	0/0	1/0	0/0	0/0	0/0	0/0	0/0	0/0
R0088	374_subtract	b	3036	6068	true	false	0/0	0/0	0/0	0/0	0/0	0/0	0/0	0/0	0/0	0/0	0/0
R0088	375_subtract	a	49	94	true	false	0/0	0/0	0/0	0/0	0/0	0/0	0/0	0/0	0/0	0/0	0/0
R0088	375_subtract	b	32	60	true	false	0/0	0/0	0/0	0/0	0/0	0/0	0/0	0/0	0/0	0/0	0/0
R0089	376_union	a	24	44	true	false	0/0	0/0	0/0	0/0	0/0	0/0	0/0	0/0	0/0	0/0	0/0
R0089	376_union	b	10	16	true	false	0/0	0/0	0/0	0/0	0/0	0/0	0/0	0/0	0/0	0/0	0/0
R0089	377_union	a	30	56	false	true	0/0	0/0	0/0	6/0	1/0	0/0	0/0	0/0	0/0	0/0	0/0
R0089	377_union	b	28	52	true	false	0/0	0/0	0/0	0/0	0/0	0/0	0/0	0/0	0/0	0/0	0/0
R0092	381_subtract	a	24	44	true	false	0/0	0/0	0/0	0/0	0/0	0/0	0/0	0/0	0/0	0/0	0/0
R0092	381_subtract	b	37	70	true	false	0/0	0/0	0/0	0/0	0/0	0/0	0/0	0/0	0/0	0/0	0/0
R0098	385_subtract	a	3270	6536	true	false	0/0	0/0	0/0	0/0	0/0	0/0	0/0	0/0	0/0	0/0	0/0
R0098	385_subtract	b	642	1280	true	false	0/0	0/0	0/0	0/0	0/0	0/0	0/0	0/0	0/0	0/0	0/0
R0099	386_subtract	a	39	74	true	false	0/0	0/0	0/0	0/0	0/0	0/0	0/0	0/0	0/0	0/0	0/0
R0099	386_subtract	b	24	44	true	false	0/0	0/0	0/0	0/0	0/0	0/0	0/0	0/0	0/0	0/0	0/0
